Column,Rare_Value,Proportion,Replacement_Value,Rationale
receive_wages,3,0.80%,5,"Set to ""Don't Know"""
receive_transfers,3,1.91%,4,"Set to ""Did not""; interpret as did not receive via account or via cash"
receive_transfers,2,1.01%,4,"Set to ""Did not""; interpret as did not receive via account or via cash"
receive_transfers,5,0.39%,4,"Set to ""Did not""; interpret as did not receive via account or via cash"
receive_pensions,3,0.69%,4,"Set to ""Did not""; interpret as did not receive via account or via cash"
receive_pensions,2,0.43%,4,"Set to ""Did not""; interpret as did not receive via account or via cash"
receive_pensions,5,0.18%,4,"Set to ""Did not""; interpret as did not receive via account or via cash"
receive_agriculture,3,1.20%,4,"Set to ""Did not""; interpret as did not receive via account or via cash"
receive_agriculture,5,0.14%,4,"Set to ""Did not""; interpret as did not receive via account or via cash"
pay_utilities,3,2.63%,4,"Set to ""Did not"""
domestic_remittances,4,0.07%,3,"Set to ""Did not"""
fin2,4,0.20%,2,"Set to ""No""; interpret as no or don't know if has debit card"
fin2,3,0.15%,2,"Set to ""No""; interpret as no or don't know if has debit card"
fin3,4,0.04%,3,"Set to ""Don't know"""
fin4,3,0.03%,2,"Set to ""Don't know""; interpret as no or don't know"
fin4,4,0.03%,2,"Set to ""Don't know""; interpret as no or don't know"
fin5,4,2.25%,5,"Set to ""Don't know"""
fin5,6,0.20%,5,"Set to ""Don't know"""
fin6,4,2.08%,5,"Set to ""Don't know"""
fin6,6,0.25%,5,"Set to ""Don't know"""
fin8,4,0.24%,3,"Set to ""Don't know"""
fin9a,4,0.04%,3,"Set to ""Don't know"""
fin9b,4,0.02%,3,"Set to ""Don't know"""
fin10,4,0.04%,3,"Set to ""Don't know"""
fin17a,3,0.32%,2,"Set to ""No""; interpret as no or don't know if has debit card"
fin17a,4,0.15%,2,"Set to ""No""; interpret as no or don't know"
fin17b,4,0.04%,2,"Set to ""No""; interpret as no or don't know"
fin17c,3,0.33%,2,"Set to ""No""; interpret as no or don't know"
fin17c,4,0.18%,2,"Set to ""No""; interpret as no or don't know"
fin17e,4,0.07%,2,"Set to ""No""; interpret as no or don't know"
fin17f,4,0.06%,2,"Set to ""No""; interpret as no or don't know"
fin19,3,0.21%,2,"Set to ""No""; interpret as no or don't know"
fin19,4,0.03%,2,"Set to ""No""; interpret as no or don't know"
fin21,4,0.07%,2,"Set to ""No""; interpret as no or don't know"
fin21,3,0.04%,2,"Set to ""No""; interpret as no or don't know"
fin22a,3,0.07%,2,"Set to ""No""; interpret as no or don't know"
fin22a,4,0.03%,2,"Set to ""No""; interpret as no or don't know"
fin22a_1,4,0.02%,2,"Set to ""No""; interpret as no or don't know"
fin22b,3,0.07%,2,"Set to ""No""; interpret as no or don't know"
fin22b,4,0.01%,2,"Set to ""No""; interpret as no or don't know"
fin22d,3,0.06%,2,"Set to ""No""; interpret as no or don't know"
fin22d,4,0.04%,2,"Set to ""No""; interpret as no or don't know"
fin22e,3,0.09%,2,"Set to ""No""; interpret as no or don't know"
fin22e,4,0.05%,2,"Set to ""No""; interpret as no or don't know"
fin22f,4,0.02%,2,"Set to ""No""; interpret as no or don't know"
fin24,7,3.38%,6,"Set to ""Some other source""; interpret as others or i can't"
fin24,6,1.55%,6,"Set to ""Some other source""; interpret as others or i can't"
fin24,8,1.39%,6,"Set to ""Some other source""; interpret as others or i can't"
fin24,9,0.20%,6,"Set to ""Some other source""; interpret as others or i can't"
fin24a,5,0.02%,4,"Set to ""Don't know"""
fin24b,5,3.45%,4,"Set to ""More than 2 months""; interpret as > 2 months or don't know"
fin24b,6,0.34%,4,"Set to ""More than 2 months""; interpret as > 2 months or don't know"
fin25e1,4,0.02%,3,"Set to ""Don't know"""
fin25e2,4,0.04%,3,"Set to ""Don't know"""
fin25e3,5,0.07%,4,"Set to ""Don't know"""
fin26a,4,0.01%,3,"Set to ""Don't know"""
fin26b,4,0.03%,3,"Set to ""Don't know"""
fh1,4,0.07%,3,"Set to ""Don't know"""
fh2,4,0.08%,3,"Set to ""Don't know"""
fh2a,3,0.08%,2,"Set to ""No""; interpret as no or don't know"
fh2a,4,0.05%,2,"Set to ""No""; interpret as no or don't know"
fin30,4,0.01%,3,"Set to ""Don't know"""
fin31a,4,0.04%,3,"Set to ""Don't know"""
fin31b,4,0.02%,3,"Set to ""Don't know"""
fin32,4,0.04%,3,"Set to ""Don't know"""
fin37,3,0.29%,2,"Set to ""No""; interpret as no or don't know"
fin37,4,0.10%,2,"Set to ""No""; interpret as no or don't know"
fin38,3,0.12%,2,"Set to ""No""; interpret as no or don't know"
fin38,4,0.05%,2,"Set to ""No""; interpret as no or don't know"
fin42,4,0.08%,2,"Set to ""No""; interpret as no or don't know"
fin42,3,0.06%,2,"Set to ""No""; interpret as no or don't know"
fin45,6,3.00%,6,"Set to ""Some other reason"""
fin45,7,1.48%,6,"Set to ""Some other reason"""
fin45,8,0.65%,6,"Set to ""Some other reason"""
con1,3,0.01%,2,"Set to ""No""; interpret as no or don't know"
con1,4,0.01%,2,"Set to ""No""; interpret as no or don't know"
con9,8,0.07%,2,"Set to ""Basic""; interpret as ""Basic or don't know"""
con9,9,0.06%,2,"Set to ""Basic""; interpret as ""Basic or don't know"""
con11,8,0.26%,2,"Set to ""No""; interpret as no or don't know"
con11,9,0.04%,2,"Set to ""No""; interpret as no or don't know"
con12,2,3.71%,2,"Set to ""Weekly""; interpret as less frequent than daily"
con12,3,1.76%,2,"Set to ""Weekly""; interpret as less frequent than daily"
con12,4,1.25%,2,"Set to ""Weekly""; interpret as less frequent than daily"
con12,7,0.54%,2,"Set to ""Weekly""; interpret as less frequent than daily"
con12,8,0.07%,2,"Set to ""Weekly""; interpret as less frequent than daily"
con12,9,0.01%,2,"Set to ""Weekly""; interpret as less frequent than daily"
con14,8,0.04%,2,"Set to ""No""; interpret as no or don't know"
con16,2,3.63%,8,"Set to ""Don't know""; interpret as no or don't know"
con17,3,1.08%,8,"Set to ""Don't know"""
con17,9,0.08%,8,"Set to ""Don't know"""
con18,9,0.05%,8,"Set to ""Don't know"""
con20,8,0.06%,2,"Set to ""No""; interpret as no or don't know"
con20,9,0.01%,2,"Set to ""No""; interpret as no or don't know"
con21,9,0.01%,2,"Set to ""No""; interpret as no or don't know"
con23,8,0.15%,2,"Set to ""No""; interpret as no or don't know"
con24,3,0.08%,2,"Set to ""No"""
con24,4,0.03%,2,"Set to ""No"""
con26,4,3.76%,3,"Set to ""Monthly""; interpret as monthly or less"
con26,3,3.06%,3,"Set to ""Monthly""; interpret as monthly or less"
con26,7,0.29%,3,"Set to ""Monthly""; interpret as monthly or less"
con26,9,0.02%,3,"Set to ""Monthly""; interpret as monthly or less"
con27,9,0.01%,2,"Set to ""No""; interpret as no or don't know"
con30a,9,0.02%,8,"Set to ""Don't know"""
con30b,9,0.03%,8,"Set to ""Don't know"""
con30c,9,0.01%,8,"Set to ""Don't know"""
con30d,9,0.03%,8,"Set to ""Don't know"""
con30e,9,0.03%,8,"Set to ""Don't know"""
con30f,9,0.02%,8,"Set to ""Don't know"""
con30g,9,0.01%,8,"Set to ""Don't know"""
con30h,9,0.01%,8,"Set to ""Don't know"""
fin46,3,0.03%,2,"Set to ""No""; interpret as no or don't know"
fin46,4,0.01%,2,"Set to ""No""; interpret as no or don't know"
fin47,3,0.91%,2,"Set to ""No""; interpret as no or don't know"
fin47,4,0.03%,2,"Set to ""No""; interpret as no or don't know"
